	organism	tem	Txid
46	Acidithiobacillus caldus	['45', '45', '32', '52', '55']	0
47	Acidithiobacillus caldus ATCC 51756	['45', '45', '32', '52', '55']	['637389']
48	Acidithiobacillus caldus SM-1	['45', '45', '32', '52', '55']	['990288']
66	Aciduliprofundum boonei T469	['77', '70']	['439481']
165	Aeromonas dhakensis	['37']	0
178	Aeromonas salmonicida	['25', '25', '37', '25']	0
179	Aeromonas salmonicida subsp. masoucida	['25', '25', '37', '25']	0
180	Aeromonas salmonicida subsp. pectinolytica 34mel	['25', '25', '37', '25']	['1324960']
181	Aeromonas salmonicida subsp. salmonicida A449	['25', '25', '37', '25']	['382245']
212	Alcaligenes faecalis	['37']	0
213	Alcanivorax borkumensis SK2	['35']	['393595']
222	Alicyclobacillus acidocaldarius subsp. acidocaldarius DSM 446	['65', '70']	['521098']
223	Alicyclobacillus acidocaldarius subsp. acidocaldarius Tc-4-1	['65', '70']	['1048834']
310	Aquifex aeolicus VF5	['95']	['224324']
313	Archaeoglobus fulgidus DSM 4304	['95', '83', '83']	['224325']
314	Archaeoglobus fulgidus DSM 8774	['95', '83', '83']	['1344584']
316	Archaeoglobus sulfaticallidus PM70-1	['95', '83', '83']	['387631']
317	Archaeoglobus veneficus SNP6	['95', '83', '83']	['693661']
404	Bacillus cereus	['30', '30', '100', '10', '50', '10', '50', '56', '121', '50']	0
405	Bacillus cereus 03BB102	['30', '30', '100', '10', '50', '10', '50', '56', '121', '50']	['572264']
406	Bacillus cereus 03BB108	['30', '30', '100', '10', '50', '10', '50', '56', '121', '50']	['451709']
407	Bacillus cereus AH187	['30', '30', '100', '10', '50', '10', '50', '56', '121', '50']	['405534']
408	Bacillus cereus AH820	['30', '30', '100', '10', '50', '10', '50', '56', '121', '50']	['405535']
409	Bacillus cereus ATCC 10987	['30', '30', '100', '10', '50', '10', '50', '56', '121', '50']	['222523']
410	Bacillus cereus ATCC 14579	['30', '30', '100', '10', '50', '10', '50', '56', '121', '50']	['226900']
411	Bacillus cereus ATCC 4342	['30', '30', '100', '10', '50', '10', '50', '56', '121', '50']	['526977']
412	Bacillus cereus B4264	['30', '30', '100', '10', '50', '10', '50', '56', '121', '50']	['405532']
413	Bacillus cereus biovar anthracis str. CI	['30', '30', '100', '10', '50', '10', '50', '56', '121', '50']	['637380']
414	Bacillus cereus C1L	['30', '30', '100', '10', '50', '10', '50', '56', '121', '50']	['1003239']
415	Bacillus cereus D17	['30', '30', '100', '10', '50', '10', '50', '56', '121', '50']	['1454382']
416	Bacillus cereus E33L	['30', '30', '100', '10', '50', '10', '50', '56', '121', '50']	['288681']
417	Bacillus cereus F837/76	['30', '30', '100', '10', '50', '10', '50', '56', '121', '50']	['347495']
418	Bacillus cereus FRI-35	['30', '30', '100', '10', '50', '10', '50', '56', '121', '50']	['1217984']
419	Bacillus cereus G9241	['30', '30', '100', '10', '50', '10', '50', '56', '121', '50']	['269801']
420	Bacillus cereus G9842	['30', '30', '100', '10', '50', '10', '50', '56', '121', '50']	['405531']
421	Bacillus cereus NC7401	['30', '30', '100', '10', '50', '10', '50', '56', '121', '50']	['334406']
422	Bacillus cereus Q1	['30', '30', '100', '10', '50', '10', '50', '56', '121', '50']	['361100']
425	Bacillus coagulans	['50', '55']	0
426	Bacillus coagulans 2-6	['50', '55']	['941639']
427	Bacillus coagulans 36D1	['50', '55']	['345219']
428	Bacillus coagulans DSM 1 = ATCC 7050	['50', '55']	['1121088']
441	Bacillus licheniformis	['50', '37', '10', '50', '55']	0
442	Bacillus licheniformis DSM 13 = ATCC 14580	['50', '37', '10', '50', '55']	['279010']
443	Bacillus megaterium	['45', '30', '63', '30']	0
444	Bacillus megaterium DSM 319	['45', '30', '63', '30']	['592022']
445	Bacillus megaterium NBRC 15308 = ATCC 14581	['45', '30', '63', '30']	['1348623']
446	Bacillus megaterium Q3	['45', '30', '63', '30']	['1452722']
447	Bacillus megaterium QM B1551	['45', '30', '63', '30']	['545693']
448	Bacillus megaterium WSH-002	['45', '30', '63', '30']	['1006007']
449	Bacillus methanolicus MGA3	['60']	['796606']
458	Bacillus safensis	['50', '37', '55']	0
555	Bacteriovorax stolpii	['35']	['960']
560	Bacteroides dorei CL03T12C01	['37', '37']	['997877']
578	Bartonella bacilliformis	['29', '25']	0
579	Bartonella bacilliformis KC583	['29', '25']	['360095']
596	Bdellovibrio bacteriovorus	['29']	0
597	Bdellovibrio bacteriovorus HD100	['29']	['264462']
598	Bdellovibrio bacteriovorus str. Tiberius	['29']	['1069642']
599	Bdellovibrio bacteriovorus W	['29']	['765869']
722	Bordetella trematum	['42', '37']	0
754	Brachybacterium faecium DSM 4810	['30']	['446465']
755	Brachybacterium ginsengisoli	['25', '34']	['1331682']
782	Brevibacillus brevis NBRC 100599	['55']	['358681']
783	Brevibacillus brevis X23	['55']	['1200792']
884	Burkholderia mallei	['37']	0
885	Burkholderia mallei ATCC 23344	['37']	['243160']
886	Burkholderia mallei NCTC 10229	['37']	['412022']
887	Burkholderia mallei NCTC 10247	['37']	['320389']
888	Burkholderia mallei SAVP1	['37']	['320388']
897	Burkholderia pseudomallei	['40', '74']	0
898	Burkholderia pseudomallei 1026b	['40', '74']	['884204']
899	Burkholderia pseudomallei 1106a	['40', '74']	['357348']
900	Burkholderia pseudomallei 1710b	['40', '74']	['320372']
901	Burkholderia pseudomallei 406e	['40', '74']	['360118']
902	Burkholderia pseudomallei 576	['40', '74']	['557724']
903	Burkholderia pseudomallei 668	['40', '74']	['320373']
904	Burkholderia pseudomallei 7894	['40', '74']	['441156']
905	Burkholderia pseudomallei A79A	['40', '74']	['1439855']
906	Burkholderia pseudomallei B03	['40', '74']	['1439854']
907	Burkholderia pseudomallei BPC006	['40', '74']	['1229785']
908	Burkholderia pseudomallei HBPUB10134a	['40', '74']	['1306418']
909	Burkholderia pseudomallei HBPUB10303a	['40', '74']	['1306419']
910	Burkholderia pseudomallei K42	['40', '74']	['1439852']
911	Burkholderia pseudomallei K96243	['40', '74']	['272560']
912	Burkholderia pseudomallei MSHR146	['40', '74']	['1249471']
913	Burkholderia pseudomallei MSHR2543	['40', '74']	['1249472']
914	Burkholderia pseudomallei MSHR305	['40', '74']	['1335307']
915	Burkholderia pseudomallei MSHR491	['40', '74']	['1249473']
916	Burkholderia pseudomallei MSHR511	['40', '74']	['1249474']
917	Burkholderia pseudomallei MSHR520	['40', '74']	['1249659']
918	Burkholderia pseudomallei MSHR5848	['40', '74']	['1306420']
919	Burkholderia pseudomallei MSHR5855	['40', '74']	['1306421']
920	Burkholderia pseudomallei MSHR5858	['40', '74']	['1306417']
921	Burkholderia pseudomallei MSHR62	['40', '74']	['1435984']
922	Burkholderia pseudomallei MSHR840	['40', '74']	['1249475']
923	Burkholderia pseudomallei NAU20B-16	['40', '74']	['1249476']
924	Burkholderia pseudomallei NAU35A-3	['40', '74']	['1249477']
925	Burkholderia pseudomallei NCTC 13178	['40', '74']	['1249468']
926	Burkholderia pseudomallei Pasteur 52237	['40', '74']	['331978']
927	Burkholderia pseudomallei PB08298010	['40', '74']	['1249658']
928	Burkholderia pseudomallei TSV 48	['40', '74']	['1435365']
998	Campylobacter coli	['42']	0
999	Campylobacter coli 15-537360	['42']	['1358410']
1000	Campylobacter coli CVM N29710	['42']	['1273173']
1001	Campylobacter coli RM1875	['42']	['1183378']
1002	Campylobacter coli RM5611	['42']	['1183380']
1019	Campylobacter hyointestinalis subsp. hyointestinalis LMG 9260	['25']	['1031746']
1020	Campylobacter hyointestinalis subsp. lawsonii	['25']	0
1023	Campylobacter jejuni	['42', '74', '25', '37', '42', '42', '37', '42']	0
1024	Campylobacter jejuni 32488	['42', '74', '25', '37', '42', '42', '37', '42']	['1338035']
1025	Campylobacter jejuni 4031	['42', '74', '25', '37', '42', '42', '37', '42']	['1347340']
1026	Campylobacter jejuni RM1221	['42', '74', '25', '37', '42', '42', '37', '42']	['195099']
1027	Campylobacter jejuni subsp. jejuni	['42', '74', '25', '37', '42', '42', '37', '42']	0
1028	Campylobacter jejuni subsp. jejuni 00-2425	['42', '74', '25', '37', '42', '42', '37', '42']	['1357994']
1029	Campylobacter jejuni subsp. jejuni 00-2426	['42', '74', '25', '37', '42', '42', '37', '42']	['1380767']
1030	Campylobacter jejuni subsp. jejuni 00-2538	['42', '74', '25', '37', '42', '42', '37', '42']	['1380768']
1031	Campylobacter jejuni subsp. jejuni 00-2544	['42', '74', '25', '37', '42', '42', '37', '42']	['1383068']
1032	Campylobacter jejuni subsp. jejuni 81116	['42', '74', '25', '37', '42', '42', '37', '42']	['407148']
1033	Campylobacter jejuni subsp. jejuni 81-176	['42', '74', '25', '37', '42', '42', '37', '42']	0
1034	Campylobacter jejuni subsp. jejuni CG8421	['42', '74', '25', '37', '42', '42', '37', '42']	['478547']
1035	Campylobacter jejuni subsp. jejuni F38011	['42', '74', '25', '37', '42', '42', '37', '42']	['1408176']
1036	Campylobacter jejuni subsp. jejuni IA3902	['42', '74', '25', '37', '42', '42', '37', '42']	['567106']
1037	Campylobacter jejuni subsp. jejuni M1	['42', '74', '25', '37', '42', '42', '37', '42']	['645464']
1038	Campylobacter jejuni subsp. jejuni M129	['42', '74', '25', '37', '42', '42', '37', '42']	['1349827']
1039	Campylobacter jejuni subsp. jejuni NCTC 11168 = ATCC 700819	['42', '74', '25', '37', '42', '42', '37', '42']	0
1040	Campylobacter jejuni subsp. jejuni NCTC 11168-BN148	['42', '74', '25', '37', '42', '42', '37', '42']	['1211776']
1041	Campylobacter jejuni subsp. jejuni NCTC 11168-GSv	['42', '74', '25', '37', '42', '42', '37', '42']	['1385724']
1042	Campylobacter jejuni subsp. jejuni NCTC 11168-K12E5	['42', '74', '25', '37', '42', '42', '37', '42']	['1385720']
1043	Campylobacter jejuni subsp. jejuni NCTC 11168-Kf1	['42', '74', '25', '37', '42', '42', '37', '42']	['1385723']
1044	Campylobacter jejuni subsp. jejuni NCTC 11168-mcK12E5	['42', '74', '25', '37', '42', '42', '37', '42']	['1385721']
1045	Campylobacter jejuni subsp. jejuni NCTC 11168-mfK12E5	['42', '74', '25', '37', '42', '42', '37', '42']	['1385722']
1046	Campylobacter jejuni subsp. jejuni PT14	['42', '74', '25', '37', '42', '42', '37', '42']	['1201032']
1047	Campylobacter jejuni subsp. jejuni S3	['42', '74', '25', '37', '42', '42', '37', '42']	['718271']
1048	Campylobacter jejuni subsp. jejuni str. RM3420	['42', '74', '25', '37', '42', '42', '37', '42']	['1340842']
1196	Capnocytophaga sp. ChDC OS43	['37']	['209053']
1197	Capnocytophaga sp. H2931	['37']	['1945657']
1198	Capnocytophaga sp. H4358	['37']	['1945658']
1199	Capnocytophaga sp. oral taxon 323	['37']	['1705617']
1200	Capnocytophaga sp. oral taxon 864	['37']	0
1201	Capnocytophaga sp. oral taxon 878	['37']	0
1346	Chloroflexus aurantiacus J-10-fl	['35', '70']	['324602']
1386	Clavibacter michiganensis subsp. capsici	['21']	['1874630']
1387	Clavibacter michiganensis subsp. insidiosus	['21']	['33014']
1388	Clavibacter michiganensis subsp. michiganensis NCPPB 382	['21']	['443906']
1389	Clavibacter michiganensis subsp. nebraskensis NCPPB 2581	['21']	['1097677']
1403	Clostridium beijerinckii	['37']	0
1404	Clostridium beijerinckii ATCC 35702	['37']	['864803']
1405	Clostridium beijerinckii NCIMB 8052	['37']	0
1406	Clostridium beijerinckii NRRL B-598	['37']	['1428454']
1409	Clostridium botulinum	['100', '100']	0
1410	Clostridium botulinum 202F	['100', '100']	['1415774']
1411	Clostridium botulinum A2 str. Kyoto	['100', '100']	['536232']
1412	Clostridium botulinum A3 str. Loch Maree	['100', '100']	['498214']
1413	Clostridium botulinum A str. ATCC 19397	['100', '100']	['441770']
1414	Clostridium botulinum A str. ATCC 3502	['100', '100']	['413999']
1415	Clostridium botulinum A str. Hall	['100', '100']	['441771']
1416	Clostridium botulinum B1 str. Okra	['100', '100']	['498213']
1417	Clostridium botulinum Ba4 str. 657	['100', '100']	['515621']
1418	Clostridium botulinum BKT015925	['100', '100']	['929506']
1419	Clostridium botulinum B str. Eklund 17B (NRP)	['100', '100']	['935198']
1420	Clostridium botulinum CDC_1436	['100', '100']	['1408283']
1421	Clostridium botulinum E3 str. Alaska E43	['100', '100']	['508767']
1422	Clostridium botulinum F str. 230613	['100', '100']	['758678']
1423	Clostridium botulinum F str. Langeland	['100', '100']	['441772']
1424	Clostridium botulinum H04402 065	['100', '100']	['941968']
1446	Clostridium perfringens	['74', '74']	0
1447	Clostridium perfringens ATCC 13124	['74', '74']	['195103']
1448	Clostridium perfringens str. 13	['74', '74']	['195102']
1488	Coprothermobacter proteolyticus DSM 5265	['75', '63']	['309798']
1677	Dehalogenimonas lykanthroporepellens BL-DC-9	['34', '34', '30']	['552811']
1680	Deinococcus geothermalis DSM 11300	['45', '50']	['319795']
1757	Dickeya dadantii	['34']	0
1758	Dickeya dadantii 3937	['34']	['198628']
1776	Dinoroseobacter shibae DFL 12 = DSM 16493	['38', '33']	['398580']
1778	Dokdonia donghaensis DSW-1	['35', '30']	['1300343']
1826	Elizabethkingia meningoseptica	['40']	0
1841	Enterobacter cloacae	['30', '35']	0
1842	Enterobacter cloacae complex bacterium	['30', '35']	['2027919']
1843	Enterobacter cloacae complex 'Hoffmann cluster III'	['30', '35']	0
1844	Enterobacter cloacae complex 'Hoffmann cluster IV'	['30', '35']	0
1845	Enterobacter cloacae complex sp. 35734	['30', '35']	['1870930']
1846	Enterobacter cloacae complex sp. ECNIH7	['30', '35']	['1915310']
1847	Enterobacter cloacae complex sp. FDA-CDC-AR_0132	['30', '35']	['2077137']
1848	Enterobacter cloacae complex sp. FDA-CDC-AR_0164	['30', '35']	['2077136']
1849	Enterobacter cloacae ECNIH2	['30', '35']	['1333850']
1850	Enterobacter cloacae ECNIH3	['30', '35']	['1333851']
1851	Enterobacter cloacae ECR091	['30', '35']	['1333849']
1852	Enterobacter cloacae EcWSU1	['30', '35']	['1045856']
1853	Enterobacter cloacae P101	['30', '35']	['1354030']
1854	Enterobacter cloacae subsp. cloacae ATCC 13047	['30', '35']	['716541']
1855	Enterobacter cloacae subsp. cloacae ENHKU01	['30', '35']	['1211025']
1856	Enterobacter cloacae subsp. dissolvens SDM	['30', '35']	['1104326']
1882	Enterococcus faecalis	['45', '60']	0
1883	Enterococcus faecalis ARO1/DG	['45', '60']	['565651']
1884	Enterococcus faecalis ATCC 29212	['45', '60']	['1201292']
1885	Enterococcus faecalis D32	['45', '60']	['1206105']
1886	Enterococcus faecalis DENG1	['45', '60']	['1287066']
1887	Enterococcus faecalis OG1RF	['45', '60']	['474186']
1888	Enterococcus faecalis str. Symbioflor 1	['45', '60']	['1261557']
1889	Enterococcus faecalis V583	['45', '60']	['226185']
1932	Escherichia coli	['37', '49']	0
1933	Escherichia coli 042	['37', '49']	['216592']
1934	Escherichia coli 1303	['37', '49']	['745156']
1935	Escherichia coli 536	['37', '49']	['362663']
1936	Escherichia coli 55989	['37', '49']	['585055']
1937	Escherichia coli ABU 83972	['37', '49']	['655817']
1938	Escherichia coli ACN001	['37', '49']	['1311757']
1939	Escherichia coli APEC IMT5155	['37', '49']	['1329907']
1940	Escherichia coli APEC O1	['37', '49']	['405955']
1941	Escherichia coli APEC O18	['37', '49']	['1401688']
1942	Escherichia coli APEC O2-211	['37', '49']	['1954351']
1943	Escherichia coli APEC O78	['37', '49']	['1274814']
1944	Escherichia coli ATCC 25922	['37', '49']	['1322345']
1945	Escherichia coli ATCC 8739	['37', '49']	['481805']
1946	Escherichia coli B	['37', '49']	0
1947	Escherichia coli BL21(DE3)	['37', '49']	['469008']
1948	Escherichia coli 'BL21-Gold(DE3)pLysS AG'	['37', '49']	['866768']
1949	Escherichia coli B str. REL606	['37', '49']	0
1950	Escherichia coli BW25113	['37', '49']	['679895']
1951	Escherichia coli BW2952	['37', '49']	['595496']
1952	Escherichia coli C	['37', '49']	0
1953	Escherichia coli CFT073	['37', '49']	['199310']
1954	Escherichia coli DH1	['37', '49']	['536056']
1955	Escherichia coli ECC-1470	['37', '49']	['758831']
1956	Escherichia coli ER2796	['37', '49']	['1245474']
1957	Escherichia coli ETEC H10407	['37', '49']	0
1958	Escherichia coli HS	['37', '49']	['331112']
1959	Escherichia coli IAI1	['37', '49']	['585034']
1960	Escherichia coli IAI39	['37', '49']	['585057']
1961	Escherichia coli IHE3034	['37', '49']	['714962']
1962	Escherichia coli JJ1886	['37', '49']	['1355100']
1963	Escherichia coli JJ1887	['37', '49']	['1355101']
1964	Escherichia coli K-12	['37', '49']	0
1965	Escherichia coli KLY	['37', '49']	0
1966	Escherichia coli KO11FL	['37', '49']	['595495']
1967	Escherichia coli LF82	['37', '49']	['591946']
1968	Escherichia coli LY180	['37', '49']	['1335916']
1969	Escherichia coli Nissle 1917	['37', '49']	['316435']
1970	Escherichia coli NU14	['37', '49']	['569579']
1971	Escherichia coli O103:H2 str. 12009	['37', '49']	['585395']
1972	Escherichia coli O103 str. RM10042	['37', '49']	['1055541']
1973	Escherichia coli O103 str. RM8385	['37', '49']	['1055540']
1974	Escherichia coli O104:H21 str. CFSAN002236	['37', '49']	['1335303']
1975	Escherichia coli O104:H4	['37', '49']	0
1976	Escherichia coli O104:H4 str. 2009EL-2050	['37', '49']	['1134782']
1977	Escherichia coli O104:H4 str. 2009EL-2071	['37', '49']	['1133853']
1978	Escherichia coli O104:H4 str. 2011C-3493	['37', '49']	['1133852']
1979	Escherichia coli O104:H4 str. C227-11	['37', '49']	['1048254']
1980	Escherichia coli O111:H- str. 11128	['37', '49']	['585396']
1981	Escherichia coli O111 str. RM9322	['37', '49']	['1055542']
1982	Escherichia coli O114:H49	['37', '49']	['2048775']
1983	Escherichia coli O121:H19	['37', '49']	0
1984	Escherichia coli O121 str. RM8352	['37', '49']	['1055543']
1985	Escherichia coli O127:H6	['37', '49']	0
1986	Escherichia coli O127:H6 str. E2348/69	['37', '49']	0
1987	Escherichia coli O128:H27	['37', '49']	['2048776']
1988	Escherichia coli O139:H28 str. E24377A	['37', '49']	['331111']
1989	Escherichia coli O145:H28 str. RM12581	['37', '49']	['1248823']
1990	Escherichia coli O145:H28 str. RM12761	['37', '49']	['1248903']
1991	Escherichia coli O145:H28 str. RM13514	['37', '49']	['1248902']
1992	Escherichia coli O145:H28 str. RM13516	['37', '49']	['1248915']
1993	Escherichia coli O157	['37', '49']	0
1994	Escherichia coli O157:H16	['37', '49']	0
1995	Escherichia coli O157:H7	['37', '49']	0
1996	Escherichia coli O157:H7 str. EC4115	['37', '49']	['444450']
1997	Escherichia coli O157:H7 str. EDL933	['37', '49']	['155864']
1998	Escherichia coli O157:H7 str. Sakai	['37', '49']	['386585']
1999	Escherichia coli O157:H7 str. SS17	['37', '49']	['1328859']
2000	Escherichia coli O157:H7 str. SS52	['37', '49']	['1330457']
2001	Escherichia coli O157:H7 str. TW14359	['37', '49']	['544404']
2002	Escherichia coli O15:H11	['37', '49']	['2048777']
2003	Escherichia coli O169:H41	['37', '49']	0
2004	Escherichia coli O178:H19	['37', '49']	['2048778']
2005	Escherichia coli O25b:H4	['37', '49']	['941280']
2006	Escherichia coli O25b:H4-ST131	['37', '49']	['941322']
2007	Escherichia coli O25:H16	['37', '49']	['2048780']
2008	Escherichia coli O25:NM	['37', '49']	0
2009	Escherichia coli O26:H11 str. 11368	['37', '49']	['573235']
2010	Escherichia coli O26 str. RM10386	['37', '49']	['1055534']
2011	Escherichia coli O26 str. RM8426	['37', '49']	['1055533']
2012	Escherichia coli O27:H7	['37', '49']	['2048781']
2013	Escherichia coli O55:H7 str. CB9615	['37', '49']	['701177']
2014	Escherichia coli O55:H7 str. RM12579	['37', '49']	['1048689']
2015	Escherichia coli O6:H16	['37', '49']	0
2016	Escherichia coli O7:K1 str. CE10	['37', '49']	['1072459']
2017	Escherichia coli O83:H1 str. NRG 857C	['37', '49']	['685038']
2018	Escherichia coli O91 str. RM7190	['37', '49']	['1055545']
2019	Escherichia coli PCN033	['37', '49']	['1001989']
2020	Escherichia coli PCN061	['37', '49']	['1358422']
2021	Escherichia coli S88	['37', '49']	['585035']
2022	Escherichia coli SE11	['37', '49']	['409438']
2023	Escherichia coli SE15	['37', '49']	['431946']
2024	Escherichia coli SMS-3-5	['37', '49']	['439855']
2025	Escherichia coli str. 'clone D i14'	['37', '49']	['885275']
2026	Escherichia coli str. 'clone D i2'	['37', '49']	['885276']
2027	Escherichia coli str. K-12 substr. DH10B	['37', '49']	['316385']
2028	Escherichia coli str. K-12 substr. MC4100	['37', '49']	['1403831']
2029	Escherichia coli str. K-12 substr. MDS42	['37', '49']	['1110693']
2030	Escherichia coli str. K-12 substr. MG1655	['37', '49']	0
2031	Escherichia coli str. K-12 substr. W3110	['37', '49']	['316407']
2032	Escherichia coli str. Sanji	['37', '49']	['1441627']
2033	Escherichia coli UM146	['37', '49']	['869729']
2034	Escherichia coli UMNK88	['37', '49']	['696406']
2035	Escherichia coli UTI89	['37', '49']	['364106']
2036	Escherichia coli VR50	['37', '49']	['941323']
2037	Escherichia coli W	['37', '49']	['566546']
2038	Escherichia coli Xuzhou21	['37', '49']	['741093']
2060	Ferroglobus placidus DSM 10642	['85', '65', '95']	['589924']
2062	Ferroplasma acidiphilum	['35']	['74969']
2204	Geobacillus stearothermophilus	['65', '70', '96']	0
2205	Geobacillus stearothermophilus 10	['65', '70', '96']	['272567']
2224	Geoglobus acetivorans	['88', '65', '90']	['565033']
2225	Geoglobus ahangari	['88', '65', '90']	['113653']
2232	Gloeobacter violaceus PCC 7421	['30']	['251221']
2285	Hafnia alvei	['44', '35']	0
2286	Hafnia alvei FB1	['44', '35']	['1453496']
2299	Haloarcula hispanica ATCC 33960	['45']	['634497']
2300	Haloarcula hispanica N601	['45']	['1417673']
2301	Haloarcula marismortui ATCC 43049	['45']	['272569']
2319	Haloferax volcanii DS2	['42', '37']	['309800']
2343	Halorhabdus tiamatea SARL4B	['55', '50']	['1033806']
2344	Halorhabdus utahensis DSM 12940	['55', '50']	['519442']
2352	Haloterrigena turkmenica DSM 5511	['40', '51', '57']	['543526']
2453	Hydrogenobacter thermophilus TK-6	['75', '75']	['608538']
2478	Idiomarina loihiensis GSL 199	['46']	['1321370']
2479	Idiomarina loihiensis L2TR	['46']	['283942']
2484	Ignicoccus hospitalis KIN4/I	['98', '90']	['453591']
2485	Ignicoccus islandicus DSM 13165	['98', '90']	['940295']
2609	Lactobacillus acidophilus	['37']	0
2610	Lactobacillus acidophilus La-14	['37']	['1314884']
2611	Lactobacillus acidophilus NCFM	['37']	['272621']
2624	Lactobacillus buchneri CD034	['37']	['1071400']
2625	Lactobacillus buchneri NRRL B-30929	['37']	['511437']
2680	Lactobacillus mucosae LM1	['37']	['1130798']
2682	Lactobacillus paracasei	['37', '40', '72']	0
2683	Lactobacillus paracasei ATCC 334	['37', '40', '72']	['321967']
2684	Lactobacillus paracasei N1115	['37', '40', '72']	['1446494']
2685	Lactobacillus paracasei subsp. paracasei	['37', '40', '72']	0
2686	Lactobacillus paracasei subsp. paracasei 8700:2	['37', '40', '72']	['537973']
2687	Lactobacillus paracasei subsp. paracasei JCM 8130	['37', '40', '72']	['1226298']
2691	Lactobacillus plantarum	['15', '45']	0
2692	Lactobacillus plantarum 16	['15', '45']	['1327988']
2693	Lactobacillus plantarum DOMLa	['15', '45']	['1300221']
2694	Lactobacillus plantarum JDM1	['15', '45']	['644042']
2695	Lactobacillus plantarum subsp. plantarum	['15', '45']	0
2696	Lactobacillus plantarum subsp. plantarum P-8	['15', '45']	['767468']
2697	Lactobacillus plantarum subsp. plantarum ST-III	['15', '45']	['889932']
2698	Lactobacillus plantarum WCFS1	['15', '45']	['220668']
2699	Lactobacillus plantarum ZJ316	['15', '45']	['1284663']
2721	Lactobacillus sanfranciscensis TMW 1.1304	['33', '41', '27', '36']	['714313']
2727	Lactococcus garvieae	['45', '37', '30', '18', '18', '15', '16']	0
2728	Lactococcus garvieae ATCC 49156	['45', '37', '30', '18', '18', '15', '16']	['420889']
2729	Lactococcus garvieae Lg2	['45', '37', '30', '18', '18', '15', '16']	['420890']
2758	Legionella clemsonensis	['45', '26', '45', '63', '37', '26']	['1867846']
2811	Leptospirillum ferriphilum ML-04	['40']	['1048260']
2812	Leptospirillum ferriphilum YSK	['40']	['1441628']
2847	Listeria monocytogenes	['30', '37', '25', '37']	0
2848	Listeria monocytogenes 07PF0776	['30', '37', '25', '37']	['1126011']
2849	Listeria monocytogenes 08-5578	['30', '37', '25', '37']	['653938']
2850	Listeria monocytogenes 08-5923	['30', '37', '25', '37']	['637381']
2851	Listeria monocytogenes 10403S	['30', '37', '25', '37']	['393133']
2852	Listeria monocytogenes 6179	['30', '37', '25', '37']	['1288295']
2853	Listeria monocytogenes ATCC 19117	['30', '37', '25', '37']	['882095']
2854	Listeria monocytogenes EGD	['30', '37', '25', '37']	['1334565']
2855	Listeria monocytogenes EGD-e	['30', '37', '25', '37']	['169963']
2856	Listeria monocytogenes Finland 1998	['30', '37', '25', '37']	['393127']
2857	Listeria monocytogenes FSL R2-561	['30', '37', '25', '37']	['393126']
2858	Listeria monocytogenes HCC23	['30', '37', '25', '37']	['552536']
2859	Listeria monocytogenes J0161	['30', '37', '25', '37']	['393130']
2860	Listeria monocytogenes J1-220	['30', '37', '25', '37']	['930782']
2861	Listeria monocytogenes J1816	['30', '37', '25', '37']	['930781']
2862	Listeria monocytogenes L312	['30', '37', '25', '37']	['882094']
2863	Listeria monocytogenes L99	['30', '37', '25', '37']	['563174']
2864	Listeria monocytogenes M7	['30', '37', '25', '37']	['1030009']
2865	Listeria monocytogenes R479a	['30', '37', '25', '37']	['1437838']
2866	Listeria monocytogenes serotype 1/2a str. 02-5993	['30', '37', '25', '37']	['1196180']
2867	Listeria monocytogenes serotype 1/2a str. 04-5457	['30', '37', '25', '37']	['1196181']
2868	Listeria monocytogenes serotype 1/2a str. 08-6056	['30', '37', '25', '37']	['1196182']
2869	Listeria monocytogenes serotype 1/2a str. 08-6569	['30', '37', '25', '37']	['1196183']
2870	Listeria monocytogenes serotype 1/2a str. 08-6997	['30', '37', '25', '37']	['1196184']
2871	Listeria monocytogenes serotype 1/2a str. 08-7374	['30', '37', '25', '37']	['1196185']
2872	Listeria monocytogenes serotype 1/2a str. 08-7669	['30', '37', '25', '37']	['1196186']
2873	Listeria monocytogenes serotype 1/2a str. 10-0812	['30', '37', '25', '37']	['1196165']
2874	Listeria monocytogenes serotype 1/2a str. 10-0813	['30', '37', '25', '37']	['1196166']
2875	Listeria monocytogenes serotype 1/2a str. 10-0814	['30', '37', '25', '37']	['1196187']
2876	Listeria monocytogenes serotype 1/2a str. 10-0815	['30', '37', '25', '37']	['1196188']
2877	Listeria monocytogenes serotype 1/2a str. 10-0933	['30', '37', '25', '37']	['1196169']
2878	Listeria monocytogenes serotype 1/2a str. 10-0934	['30', '37', '25', '37']	['1196170']
2879	Listeria monocytogenes serotype 1/2a str. 10-1046	['30', '37', '25', '37']	['1196189']
2880	Listeria monocytogenes serotype 1/2a str. 10-1047	['30', '37', '25', '37']	['1196190']
2881	Listeria monocytogenes serotype 1/2a str. 10-1321	['30', '37', '25', '37']	['1196191']
2882	Listeria monocytogenes serotype 1/2a str. 10-4754	['30', '37', '25', '37']	['1196167']
2883	Listeria monocytogenes serotype 1/2a str. 10-4758	['30', '37', '25', '37']	['1196168']
2884	Listeria monocytogenes serotype 1/2a str. 10-5024	['30', '37', '25', '37']	['1196192']
2885	Listeria monocytogenes serotype 1/2a str. 88-0478	['30', '37', '25', '37']	['1196176']
2886	Listeria monocytogenes serotype 1/2a str. 95-0093	['30', '37', '25', '37']	['1196177']
2887	Listeria monocytogenes serotype 1/2a str. 98-2035	['30', '37', '25', '37']	['1196178']
2888	Listeria monocytogenes serotype 1/2a str. 99-6370	['30', '37', '25', '37']	['1196179']
2889	Listeria monocytogenes serotype 1/2b str. 10-0810	['30', '37', '25', '37']	['1196163']
2890	Listeria monocytogenes serotype 1/2b str. 10-0811	['30', '37', '25', '37']	['1196164']
2891	Listeria monocytogenes serotype 1/2c str. 10-5025	['30', '37', '25', '37']	['1196193']
2892	Listeria monocytogenes serotype 1/2c str. 10-5026	['30', '37', '25', '37']	['1196194']
2893	Listeria monocytogenes serotype 3c str. 10-5027	['30', '37', '25', '37']	['1196195']
2894	Listeria monocytogenes serotype 4b str. 02-1103	['30', '37', '25', '37']	['1196171']
2895	Listeria monocytogenes serotype 4b str. 02-1289	['30', '37', '25', '37']	['1196172']
2896	Listeria monocytogenes serotype 4b str. 02-1792	['30', '37', '25', '37']	['1196173']
2897	Listeria monocytogenes serotype 4b str. 02-6679	['30', '37', '25', '37']	['1196174']
2898	Listeria monocytogenes serotype 4b str. 02-6680	['30', '37', '25', '37']	['1196175']
2899	Listeria monocytogenes serotype 4b str. 10-0809	['30', '37', '25', '37']	['1196162']
2900	Listeria monocytogenes serotype 4b str. 81-0558	['30', '37', '25', '37']	['1196159']
2901	Listeria monocytogenes serotype 4b str. 81-0592	['30', '37', '25', '37']	['1196160']
2902	Listeria monocytogenes serotype 4b str. 81-0861	['30', '37', '25', '37']	['1196161']
2903	Listeria monocytogenes serotype 4b str. CLIP 80459	['30', '37', '25', '37']	['568819']
2904	Listeria monocytogenes serotype 4b str. F2365	['30', '37', '25', '37']	['265669']
2905	Listeria monocytogenes serotype 4b str. LL195	['30', '37', '25', '37']	['1230340']
2906	Listeria monocytogenes SLCC2372	['30', '37', '25', '37']	['932920']
2907	Listeria monocytogenes SLCC2376	['30', '37', '25', '37']	['882097']
2908	Listeria monocytogenes SLCC2378	['30', '37', '25', '37']	['879088']
2909	Listeria monocytogenes SLCC2479	['30', '37', '25', '37']	['882020']
2910	Listeria monocytogenes SLCC2540	['30', '37', '25', '37']	['879089']
2911	Listeria monocytogenes SLCC2755	['30', '37', '25', '37']	['932919']
2912	Listeria monocytogenes SLCC5850	['30', '37', '25', '37']	['882096']
2913	Listeria monocytogenes SLCC7179	['30', '37', '25', '37']	['879090']
2914	Listeria monocytogenes WSLC1001	['30', '37', '25', '37']	['1457187']
2915	Listeria monocytogenes WSLC1042	['30', '37', '25', '37']	['1457188']
3058	Methanococcoides burtonii DSM 6242	['23', '29', '23', '23', '23']	['259564']
3069	Methanocorpusculum labreanum Z	['40']	['410358']
3092	Methanosarcina horonobensis HB-1 = JCM 15518	['35', '55']	['1434110']
3093	Methanosarcina lacustris Z-7289	['35', '55']	['1434111']
3094	Methanosarcina mazei C16	['35', '55']	['1434113']
3095	Methanosarcina mazei Go1	['35', '55']	['192952']
3096	Methanosarcina mazei LYC	['35', '55']	['1434114']
3097	Methanosarcina mazei S-6	['35', '55']	['213585']
3098	Methanosarcina mazei SarPi	['35', '55']	['1434115']
3099	Methanosarcina mazei WWM610	['35', '55']	['1434117']
3100	Methanosarcina siciliae C2J	['35', '55']	['1434118']
3101	Methanosarcina siciliae T4/M	['35', '55']	['1434120']
3107	Methanosarcina vacuolata Z-761	['35', '55']	['1434123']
3113	Methanothermobacter thermautotrophicus str. Delta H	['55', '65']	['187420']
3114	Methanothermobacter wolfeii	['55', '65']	['145261']
3115	Methanothermococcus okinawensis IH1	['65']	['647113']
3116	Methanothermus fervidus DSM 2088	['97']	['523846']
3119	Methylacidiphilum fumariolicum SolV	['50', '60']	['1156937']
3120	Methylacidiphilum infernorum V4	['60']	['481448']
3143	Methylococcus capsulatus str. Bath	['50', '37']	['243233']
3183	Microcystis aeruginosa NIES-2481	['32', '20', '28', '15']	['1698524']
3184	Microcystis aeruginosa NIES-2549	['32', '20', '28', '15']	['1641812']
3185	Microcystis aeruginosa NIES-843	['32', '20', '28', '15']	['449447']
3186	Microcystis aeruginosa PCC 7806SL	['32', '20', '28', '15']	['1903187']
3203	Moraxella catarrhalis	['37']	0
3204	Moraxella catarrhalis BBH18	['37']	['1236608']
3208	Morganella morganii	['30']	0
3209	Morganella morganii subsp. morganii KT	['30']	['1124991']
3219	Mycobacterium abscessus	['28', '37', '43', '28', '37']	0
3220	Mycobacterium abscessus subsp. abscessus	['28', '37', '43', '28', '37']	['1185650']
3221	Mycobacterium abscessus subsp. bolletii	['28', '37', '43', '28', '37']	0
3222	Mycobacterium abscessus subsp. bolletii 103	['28', '37', '43', '28', '37']	['1299325']
3223	Mycobacterium abscessus subsp. bolletii 50594	['28', '37', '43', '28', '37']	404ERROR
3224	Mycobacterium abscessus subsp. massiliense	['28', '37', '43', '28', '37']	0
3225	Mycobacterium abscessus subsp. massiliense CCUG 48898 = JCM 15300	['28', '37', '43', '28', '37']	['1001714']
3226	Mycobacterium abscessus subsp. massiliense str. GO 06	['28', '37', '43', '28', '37']	['1198627']
3227	Mycobacterium abscessus UC22	['28', '37', '43', '28', '37']	['1132508']
3255	Mycobacterium fortuitum	['45']	0
3256	Mycobacterium gilvum PYR-GCK	['37', '45']	['350054']
3257	Mycobacterium gilvum Spyr1	['37', '45']	['278137']
3258	Mycobacterium goodii	['30', '35', '45']	['134601']
3259	Mycobacterium haemophilum DSM 44634	['32', '25', '35', '37']	['1202450']
3271	Mycobacterium liflandii 128FXT	['28', '35']	['459424']
3273	Mycobacterium marinum E11	['37', '33', '37']	['1131442']
3274	Mycobacterium marinum M	['37', '33', '37']	['216594']
3278	Mycobacterium phlei	['28', '52']	0
3285	Mycobacterium sp. djl-10	['25', '50']	['1879023']
3286	Mycobacterium sp. EPa45	['25', '50']	['1545728']
3287	Mycobacterium sp. JLS	['25', '50']	['164757']
3288	Mycobacterium sp. JS623	['25', '50']	['212767']
3289	Mycobacterium sp. KMS	['25', '50']	['189918']
3290	Mycobacterium sp. MCS	['25', '50']	['164756']
3291	Mycobacterium sp. MOTT36Y	['25', '50']	['1168287']
3292	Mycobacterium sp. NRRL B-3805	['25', '50']	['1570328']
3293	Mycobacterium sp. PYR15	['25', '50']	['2051552']
3294	Mycobacterium sp. QIA-37	['25', '50']	['1561223']
3295	Mycobacterium sp. VKM Ac-1817D	['25', '50']	['1273687']
3296	Mycobacterium sp. WY10	['25', '50']	['1920667']
3297	Mycobacterium sp. YC-RL4	['25', '50']	['1682113']
3326	Mycobacterium ulcerans Agy99	['33', '33']	['362242']
3327	Mycobacterium ulcerans subsp. shinshuense	['33', '33']	['1124626']
3329	Mycobacterium vanbaalenii PYR-1	['37', '42']	['350058']
3338	Mycoplasma bovis	['40']	0
3339	Mycoplasma bovis CQ-W70	['40']	['1316930']
3340	Mycoplasma bovis HB0801	['40']	['767465']
3341	Mycoplasma bovis Hubei-1	['40']	['956483']
3342	Mycoplasma bovis PG45	['40']	['289397']
3451	Natronococcus occultus SP4	['50', '40']	['694430']
3454	Nautilia profundicola AmH	['55', '80', '22']	['598659']
3520	Nitrospira moscoviensis	['39', '40']	['42253']
3583	Oleispira antarctica RB-8	['25']	['698738']
3723	Pasteurella multocida	['37', '18']	0
3724	Pasteurella multocida 36950	['37', '18']	['1075089']
3725	Pasteurella multocida OH1905	['37', '18']	['1304890']
3726	Pasteurella multocida subsp. multocida	['37', '18']	0
3727	Pasteurella multocida subsp. multocida HB01	['37', '18']	['1339255']
3728	Pasteurella multocida subsp. multocida OH4807	['37', '18']	['1304873']
3729	Pasteurella multocida subsp. multocida PMTB2.1	['37', '18']	['1455592']
3730	Pasteurella multocida subsp. multocida str. 3480	['37', '18']	['584721']
3731	Pasteurella multocida subsp. multocida str. HB03	['37', '18']	['1147130']
3732	Pasteurella multocida subsp. multocida str. HN06	['37', '18']	['1132496']
3733	Pasteurella multocida subsp. multocida str. HN07	['37', '18']	['1436299']
3734	Pasteurella multocida subsp. multocida str. Pm70	['37', '18']	['272843']
3738	Pectobacterium carotovorum	['30']	0
3739	Pectobacterium carotovorum subsp. brasiliense	['30']	0
3740	Pectobacterium carotovorum subsp. carotovorum PC1	['30']	['561230']
3741	Pectobacterium carotovorum subsp. carotovorum PCC21	['30']	['1218933']
3746	Pediococcus acidilactici	['45', '65']	0
3771	Persephonella marina EX-H1	['133', '170']	['123214']
3787	Photobacterium profundum SS9	['25', '15', '10']	['298386']
3865	Prochlorococcus marinus str. AS9601	['33']	['146891']
3866	Prochlorococcus marinus str. MIT 9215	['33']	['93060']
3867	Prochlorococcus marinus str. MIT 9301	['33']	['167546']
3868	Prochlorococcus marinus str. MIT 9312	['33']	['74546']
3869	Prochlorococcus marinus str. MIT 9313	['33']	['74547']
3870	Prochlorococcus marinus str. MIT 9515	['33']	['167542']
3871	Prochlorococcus marinus str. NATL1A	['33']	['167555']
3872	Prochlorococcus marinus str. NATL2A	['33']	['59920']
3873	Prochlorococcus marinus subsp. marinus str. CCMP1375	['33']	['167539']
3874	Prochlorococcus marinus subsp. pastoris str. CCMP1986	['33']	['59919']
3902	Proteus vulgaris	['40']	0
3904	Providencia rettgeri	['37']	0
3905	Providencia stuartii	['37']	0
3906	Providencia stuartii MRSN 2154	['37']	['1157951']
3941	Pseudomonas aeruginosa	['42', '42']	0
3942	Pseudomonas aeruginosa B136-33	['42', '42']	['1280938']
3943	Pseudomonas aeruginosa C-NN2	['42', '42']	['910265']
3944	Pseudomonas aeruginosa DHS01	['42', '42']	['1411700']
3945	Pseudomonas aeruginosa DK1	['42', '42']	['1356855']
3946	Pseudomonas aeruginosa DK2	['42', '42']	['1093787']
3947	Pseudomonas aeruginosa DSM 50071 = NBRC 12689	['42', '42']	['1123015']
3948	Pseudomonas aeruginosa LES431	['42', '42']	['1408272']
3949	Pseudomonas aeruginosa LESB58	['42', '42']	['557722']
3950	Pseudomonas aeruginosa M18	['42', '42']	['941193']
3951	Pseudomonas aeruginosa MTB-1	['42', '42']	['1415629']
3952	Pseudomonas aeruginosa NCGM2.S1	['42', '42']	['1089456']
3953	Pseudomonas aeruginosa PA1	['42', '42']	['1279007']
3954	Pseudomonas aeruginosa PA1R	['42', '42']	['1279008']
3955	Pseudomonas aeruginosa PA7	['42', '42']	['381754']
3956	Pseudomonas aeruginosa PAK	['42', '42']	['1009714']
3957	Pseudomonas aeruginosa PAO1	['42', '42']	0
3958	Pseudomonas aeruginosa RP73	['42', '42']	['1340851']
3959	Pseudomonas aeruginosa SCV20265	['42', '42']	['1427342']
3960	Pseudomonas aeruginosa SJTD-1	['42', '42']	['1193501']
3961	Pseudomonas aeruginosa UCBPP-PA14	['42', '42']	['208963']
3962	Pseudomonas aeruginosa VRFPA04	['42', '42']	['1400868']
3963	Pseudomonas aeruginosa YL84	['42', '42']	['1448140']
3991	Pseudomonas fragi	['30', '35']	0
4014	Pseudomonas protegens	['36']	0
4015	Pseudomonas protegens Cab57	['36']	['1420599']
4016	Pseudomonas protegens CHA0	['36']	['1124983']
4017	Pseudomonas protegens Pf-5	['36']	['220664']
4102	Pseudomonas viridiflava	['12']	0
4136	Pyrobaculum islandicum DSM 4184	['104', '100']	['384616']
4137	Pyrococcus abyssi GE5	['96']	['272844']
4138	Pyrococcus furiosus COM1	['100', '103', '100', '100', '90', '100']	['1185654']
4139	Pyrococcus furiosus DSM 3638	['100', '103', '100', '100', '90', '100']	['186497']
4140	Pyrococcus horikoshii OT3	['98']	['70601']
4146	Pyrolobus fumarii 1A	['113', '122', '121']	['694429']
4156	Ralstonia solanacearum	['25']	0
4157	Ralstonia solanacearum FJAT-1458	['25']	['1130828']
4158	Ralstonia solanacearum FJAT-91	['25']	['1130829']
4159	Ralstonia solanacearum GMI1000	['25']	['267608']
4160	Ralstonia solanacearum OE1-1	['25']	['1429399']
4161	Ralstonia solanacearum Po82	['25']	['1031711']
4162	Ralstonia solanacearum PSI07	['25']	['859657']
4357	Rubrobacter xylanophilus DSM 9941	['45']	['266117']
4633	Serratia marcescens	['40', '22', '25']	0
4634	Serratia marcescens SM39	['40', '22', '25']	['1334564']
4635	Serratia marcescens SMB2099	['40', '22', '25']	['1401254']
4636	Serratia marcescens subsp. marcescens Db11	['40', '22', '25']	['273526']
4637	Serratia marcescens WW4	['40', '22', '25']	['435998']
4705	Sinorhizobium medicae WSM419	['28']	['366394']
4786	Spirochaeta thermophila DSM 6192	['68']	['665571']
4787	Spirochaeta thermophila DSM 6578	['68']	['869211']
4820	Sporosarcina ureae	['25', '22']	0
4826	Staphylococcus aureus	['78', '64']	0
4827	Staphylococcus aureus 04-02981	['78', '64']	['703339']
4828	Staphylococcus aureus 08BA02176	['78', '64']	['1229492']
4829	Staphylococcus aureus CA-347	['78', '64']	['1323661']
4830	Staphylococcus aureus O46	['78', '64']	['948563']
4831	Staphylococcus aureus RF122	['78', '64']	['273036']
4832	Staphylococcus aureus subsp. aureus	['78', '64']	0
4833	Staphylococcus aureus subsp. aureus 11819-97	['78', '64']	['1123523']
4834	Staphylococcus aureus subsp. aureus 55/2053	['78', '64']	['585143']
4835	Staphylococcus aureus subsp. aureus 6850	['78', '64']	['1392476']
4836	Staphylococcus aureus subsp. aureus CN1	['78', '64']	['1193576']
4837	Staphylococcus aureus subsp. aureus COL	['78', '64']	['93062']
4838	Staphylococcus aureus subsp. aureus DSM 20231	['78', '64']	['1241616']
4839	Staphylococcus aureus subsp. aureus ECT-R 2	['78', '64']	['889933']
4840	Staphylococcus aureus subsp. aureus ED133	['78', '64']	['685039']
4841	Staphylococcus aureus subsp. aureus ED98	['78', '64']	['681288']
4842	Staphylococcus aureus subsp. aureus HO 5096 0412	['78', '64']	['1074252']
4843	Staphylococcus aureus subsp. aureus JH1	['78', '64']	['359787']
4844	Staphylococcus aureus subsp. aureus JH9	['78', '64']	['359786']
4845	Staphylococcus aureus subsp. aureus JKD6159	['78', '64']	['869816']
4846	Staphylococcus aureus subsp. aureus LGA251	['78', '64']	['985006']
4847	Staphylococcus aureus subsp. aureus M013	['78', '64']	['1118959']
4848	Staphylococcus aureus subsp. aureus MRSA252	['78', '64']	['282458']
4849	Staphylococcus aureus subsp. aureus MSSA476	['78', '64']	['282459']
4850	Staphylococcus aureus subsp. aureus Mu3	['78', '64']	['418127']
4851	Staphylococcus aureus subsp. aureus Mu50	['78', '64']	['158878']
4852	Staphylococcus aureus subsp. aureus MW2	['78', '64']	['196620']
4853	Staphylococcus aureus subsp. aureus N315	['78', '64']	['158879']
4854	Staphylococcus aureus subsp. aureus NCTC 8325	['78', '64']	0
4855	Staphylococcus aureus subsp. aureus SA268	['78', '64']	['1368166']
4856	Staphylococcus aureus subsp. aureus SA40	['78', '64']	['1194085']
4857	Staphylococcus aureus subsp. aureus SA957	['78', '64']	['1201010']
4858	Staphylococcus aureus subsp. aureus ST228	['78', '64']	['1074919']
4859	Staphylococcus aureus subsp. aureus ST398	['78', '64']	0
4860	Staphylococcus aureus subsp. aureus ST772-MRSA-V	['78', '64']	['1343064']
4861	Staphylococcus aureus subsp. aureus str. JKD6008	['78', '64']	['546342']
4862	Staphylococcus aureus subsp. aureus str. Newman	['78', '64']	['426430']
4863	Staphylococcus aureus subsp. aureus T0131	['78', '64']	['1006543']
4864	Staphylococcus aureus subsp. aureus Tager 104	['78', '64']	['1381115']
4865	Staphylococcus aureus subsp. aureus TCH60	['78', '64']	['548473']
4866	Staphylococcus aureus subsp. aureus TW20	['78', '64']	['663951']
4867	Staphylococcus aureus subsp. aureus USA300_FPR3757	['78', '64']	['451515']
4868	Staphylococcus aureus subsp. aureus USA300_TCH1516	['78', '64']	['451516']
4869	Staphylococcus aureus subsp. aureus VC40	['78', '64']	['1028799']
4870	Staphylococcus aureus subsp. aureus Z172	['78', '64']	['1406863']
4871	Staphylococcus aureus USA300-ISMMS1	['78', '64']	['1458279']
4884	Staphylococcus haemolyticus	['40', '45', '15', '37', '37', '37']	0
4885	Staphylococcus haemolyticus JCSC1435	['40', '45', '15', '37', '37', '37']	['279808']
4886	Staphylococcus hominis subsp. hominis	['35', '40', '45', '15']	0
4893	Staphylococcus muscae	['37', '25', '45']	['1294']
4894	Staphylococcus nepalensis	['40', '30', '45']	['214473']
4910	Staphylococcus succinus	['25', '40', '42', '28', '40']	0
4911	Staphylococcus warneri SG1	['35', '40']	['1194526']
4913	Staphylothermus hellenicus DSM 12710	['85', '92', '98', '85']	['591019']
4914	Staphylothermus marinus F1	['85', '92', '98', '85']	['399550']
4917	Stenotrophomonas maltophilia	['30']	0
4918	Stenotrophomonas maltophilia D457	['30']	['1163399']
4919	Stenotrophomonas maltophilia JV3	['30']	['868597']
4920	Stenotrophomonas maltophilia K279a	['30']	['522373']
4921	Stenotrophomonas maltophilia R551-3	['30']	['391008']
4929	Stigmatella aurantiaca DW4/3-1	['90']	['378806']
4931	Streptobacillus moniliformis	['37', '41']	0
4932	Streptobacillus moniliformis DSM 12112	['37', '41']	['519441']
4934	Streptococcus agalactiae	['38']	0
4935	Streptococcus agalactiae 09mas018883	['38']	['1309806']
4936	Streptococcus agalactiae 2603V/R	['38']	['208435']
4937	Streptococcus agalactiae A909	['38']	['205921']
4938	Streptococcus agalactiae CNCTC 10/84	['38']	['1427374']
4939	Streptococcus agalactiae COH1	['38']	['342616']
4940	Streptococcus agalactiae GD201008-001	['38']	['1203670']
4941	Streptococcus agalactiae ILRI005	['38']	['1309807']
4942	Streptococcus agalactiae NEM316	['38']	['211110']
4955	Streptococcus equinus	['21', '15', '21', '45', '47', '48']	0
5076	Streptococcus thermophilus	['42', '46']	0
5077	Streptococcus thermophilus ASCC 1275	['42', '46']	['1408178']
5078	Streptococcus thermophilus CNRZ1066	['42', '46']	['299768']
5079	Streptococcus thermophilus JIM 8232	['42', '46']	['1051074']
5080	Streptococcus thermophilus LMD-9	['42', '46']	['322159']
5081	Streptococcus thermophilus LMG 18311	['42', '46']	['264199']
5082	Streptococcus thermophilus MN-ZLW-002	['42', '46']	['1187956']
5083	Streptococcus thermophilus ND03	['42', '46']	['767463']
5115	Streptomyces lavendulae subsp. lavendulae	['20', '43', '37']	0
5175	Sulfolobus acidocaldarius	['80', '90']	0
5176	Sulfolobus acidocaldarius DSM 639	['80', '90']	['330779']
5177	Sulfolobus acidocaldarius N8	['80', '90']	['1028566']
5178	Sulfolobus acidocaldarius Ron12/I	['80', '90']	['1028567']
5179	Sulfolobus islandicus LAL14/1	['80', '80']	['1241935']
5180	Sulfolobus islandicus L.S.2.15	['80', '80']	['429572']
5181	Sulfolobus islandicus M.14.25	['80', '80']	['427317']
5182	Sulfolobus islandicus M.16.27	['80', '80']	['427318']
5183	Sulfolobus islandicus REY15A	['80', '80']	['930945']
5184	Sulfolobus islandicus Y.G.57.14	['80', '80']	['439386']
5185	Sulfolobus islandicus Y.N.15.51	['80', '80']	['419942']
5294	Thermoanaerobacter brockii subsp. finnii Ako-1	['80', '70', '115']	['509193']
5295	Thermoanaerobacter italicus Ab9	['78', '70']	['580331']
5300	Thermoanaerobacter kivui	['72', '66']	['2325']
5301	Thermoanaerobacter mathranii subsp. mathranii str. A3	['75', '75']	['583358']
5310	Thermococcus barophilus	['90', '85', '100']	0
5311	Thermococcus barophilus MP	['90', '85', '100']	['391623']
5313	Thermococcus celer	['90', '93', '88']	0
5314	Thermococcus chitonophagus	['120']	['54262']
5317	Thermococcus gammatolerans EJ3	['95', '88', '80', '95', '100']	['593117']
5320	Thermococcus kodakarensis KOD1	['100', '85']	['69014']
5321	Thermococcus litoralis DSM 5473	['100', '95', '100', '88']	['523849']
5328	Thermococcus profundus	['80']	['49899']
5340	Thermocrinis ruber	['89']	0
5342	Thermodesulfobacterium commune DSM 2178	['70']	['289377']
5355	Thermoplasma acidophilum DSM 1728	['59', '56']	['273075']
5357	Thermoplasma volcanium GSS1	['25', '102', '57', '67', '60']	['273116']
5358	Thermoproteus tenax Kra 1	['95', '85']	['768679']
5359	Thermoproteus uzoniensis 768-20	['95', '85']	['999630']
5366	Thermosphaera aggregans DSM 11486	['92']	['633148']
5370	Thermotoga maritima	['80', '90']	0
5371	Thermotoga maritima MSB8	['80', '90']	['243274']
5373	Thermotoga neapolitana DSM 4359	['95', '77']	['309803']
5382	Thermus aquaticus Y51MC23	['55', '70', '50', '80']	['498848']
5388	Thermus thermophilus	['65', '80']	0
5389	Thermus thermophilus HB27	['65', '80']	['262724']
5390	Thermus thermophilus HB8	['65', '80']	['300852']
5391	Thermus thermophilus JL-18	['65', '80']	['798128']
5392	Thermus thermophilus SG0.5JP17-16	['65', '80']	['762633']
5460	Vibrio anguillarum	['30', '34', '41', '44']	0
5461	Vibrio anguillarum 775	['30', '34', '41', '44']	['882102']
5462	Vibrio anguillarum M3	['30', '34', '41', '44']	['882944']
5485	Vibrio harveyi	['35']	0
5524	Vulcanisaeta distributa DSM 14429	['90']	['572478']
5582	Xanthomonas gardneri	['37']	0
5597	Xanthomonas vesicatoria	['37']	0
5598	Xanthomonas vesicatoria ATCC 35937	['37']	['925775']
5652	Yersinia pseudotuberculosis	['26', '37', '25', '37']	0
5653	Yersinia pseudotuberculosis IP 31758	['26', '37', '25', '37']	['349747']
5654	Yersinia pseudotuberculosis IP 32953	['26', '37', '25', '37']	['273123']
5655	Yersinia pseudotuberculosis PB1/+	['26', '37', '25', '37']	0
5656	Yersinia pseudotuberculosis str. PA3606	['26', '37', '25', '37']	['748672']
5657	Yersinia pseudotuberculosis YPIII	['26', '37', '25', '37']	['502800']
5667	Zymomonas mobilis subsp. mobilis	['12']	0
5668	Zymomonas mobilis subsp. mobilis ATCC 10988	['12']	['555217']
5669	Zymomonas mobilis subsp. mobilis ATCC 29191	['12']	['627344']
5670	Zymomonas mobilis subsp. mobilis NCIMB 11163	['12']	['622759']
5671	Zymomonas mobilis subsp. mobilis NRRL B-12526	['12']	['1194424']
5672	Zymomonas mobilis subsp. mobilis str. CP4 = NRRL B-14023	['12']	['627343']
5673	Zymomonas mobilis subsp. mobilis ZM4 = ATCC 31821	['12']	['264203']
5674	Zymomonas mobilis subsp. pomaceae ATCC 29192	['12']	['579138']
